-0.526,0,0,0,-0.785,0.785,-1.571,0,0,0,0,0
-0.526,3.4726e-22,-3.9656e-21,-3.0362e-20,-0.7849,0.78488,-1.571,-9.7571e-23,1.2007e-05,1.2007e-05,1.2007e-05,1.2007e-05
-0.526,-6.2489e-21,-3.8755e-21,-1.5722e-19,-0.78487,0.78473,-1.5708,-1.4691e-20,4.0229e-05,4.0229e-05,4.0229e-05,4.0229e-05
-0.526,-2.2773e-21,-1.8137e-20,-3.7391e-19,-0.78492,0.78454,-1.5705,-1.5852e-20,8.4611e-05,8.4611e-05,8.4611e-05,8.4611e-05
-0.52599,-2.4533e-20,-3.5416e-20,-7.284e-19,-0.78505,0.78433,-1.57,-2.2209e-20,0.00014511,0.00014511,0.00014511,0.00014511
-0.52599,-2.3747e-20,-5.6026e-20,-1.2299e-18,-0.78526,0.78407,-1.5694,-1.2165e-20,0.00022172,0.00022172,0.00022172,0.00022172
-0.52599,-1.5994e-20,-6.0696e-20,-1.1868e-18,-0.78554,0.78378,-1.5686,-1.7711e-20,0.00031445,0.00031445,0.00031445,0.00031445
-0.52598,-2.7959e-20,-8.9842e-20,-2.353e-18,-0.7859,0.78346,-1.5677,2.5558e-20,0.00042331,0.00042331,0.00042331,0.00042331
-0.52597,-5.096e-20,-1.2704e-19,-3.2025e-18,-0.78633,0.7831,-1.5667,3.0653e-20,0.00054836,0.00054836,0.00054836,0.00054836
-0.52597,-7.7472e-20,-1.8176e-19,-4.2994e-18,-0.78684,0.7827,-1.5655,1.2786e-20,0.00068967,0.00068967,0.00068967,0.00068967
-0.52596,-1.0366e-19,-2.2845e-19,-5.9634e-18,-0.78742,0.78227,-1.5641,2.3015e-20,0.00084733,0.00084733,0.00084733,0.00084733
-0.52595,-1.0149e-19,-2.6618e-19,-4.023e-18,-0.78807,0.7818,-1.5626,-4.4192e-21,0.0010214,0.0010214,0.0010214,0.0010214
-0.52594,-1.333e-19,-2.9704e-19,-6.127e-18,-0.78879,0.78129,-1.561,6.4188e-21,0.0012122,0.0012122,0.0012122,0.0012122
-0.52593,-1.5569e-19,-3.422e-19,-5.9931e-18,-0.78959,0.78074,-1.5592,1.3141e-18,0.0014196,0.0014196,0.0014196,0.0014196
-0.52592,-1.155e-19,-3.4132e-19,-6.0102e-18,-0.79045,0.78015,-1.5572,-8.5321e-19,0.001644,0.001644,0.001644,0.001644
-0.52591,-1.1489e-19,-3.259e-19,-6.0092e-18,-0.79138,0.77952,-1.5551,-8.115e-19,0.0018854,0.0018854,0.0018854,0.0018854
-0.5259,-8.7579e-20,-3.4376e-19,-5.9241e-18,-0.79238,0.77884,-1.5529,-8.0062e-19,0.0021443,0.0021443,0.0021443,0.0021443
-0.52589,-1.5236e-19,-3.8456e-19,-5.7784e-18,-0.79344,0.77812,-1.5505,-1.4941e-18,0.0024206,0.0024206,0.0024206,0.0024206
-0.52587,-1.6299e-19,-4.4595e-19,-5.6205e-18,-0.79457,0.77734,-1.548,-1.5122e-18,0.0027149,0.0027149,0.0027149,0.0027149
-0.52586,-1.2516e-19,-4.1562e-19,-5.5152e-18,-0.79576,0.77652,-1.5453,-1.528e-18,0.0030272,0.0030272,0.0030272,0.0030272
-0.52584,-2.0509e-19,-5.0327e-19,-5.3092e-18,-0.79702,0.77565,-1.5425,-1.4763e-18,0.003358,0.003358,0.003358,0.003358
-0.52582,-1.3564e-19,-4.6929e-19,-5.3487e-18,-0.79833,0.77473,-1.5395,-8.779e-19,0.0037075,0.0037075,0.0037075,0.0037075
-0.52581,-3.1514e-20,-3.0715e-19,-5.5976e-18,-0.79971,0.77374,-1.5364,-2.3935e-19,0.0040762,0.0040762,0.0040762,0.0040762
-0.52579,-9.8925e-20,-4.0256e-19,-5.3686e-18,-0.80114,0.7727,-1.5331,-1.7858e-19,0.0044644,0.0044644,0.0044644,0.0044644
-0.52577,-1.2782e-19,-3.9183e-19,-5.3264e-18,-0.80262,0.7716,-1.5297,-2.0465e-19,0.0048725,0.0048725,0.0048725,0.0048725
-0.52575,4.2803e-19,1.5061e-19,-6.0551e-18,-0.80416,0.77044,-1.5261,-2.2587e-19,0.005301,0.005301,0.005301,0.005301
-0.52573,3.0619e-19,6.5257e-20,-5.7562e-18,-0.80575,0.76921,-1.5224,-2.1849e-19,0.0057504,0.0057504,0.0057504,0.0057504
-0.5257,1.4701e-19,-1.2513e-19,-5.3165e-18,-0.80739,0.76792,-1.5185,8.1113e-19,0.0062211,0.0062211,0.0062211,0.0062211
-0.52568,1.0423e-19,-5.6775e-20,-5.4708e-18,-0.80908,0.76655,-1.5145,3.6507e-18,0.0067136,0.0067136,0.0067136,0.0067136
-0.52566,6.3922e-20,-9.7398e-20,-5.4489e-18,-0.81082,0.76511,-1.5103,4.3801e-18,0.0072286,0.0072286,0.0072286,0.0072286
-0.52563,1.1669e-19,-8.5329e-20,-5.5972e-18,-0.8126,0.76359,-1.506,4.3663e-18,0.0077667,0.0077667,0.0077667,0.0077667
-0.5256,-7.679e-20,-3.3935e-19,-4.9358e-18,-0.81443,0.76199,-1.5015,4.5493e-18,0.0083284,0.0083284,0.0083284,0.0083284
-0.52558,-9.1593e-20,-3.6141e-19,-4.7804e-18,-0.81629,0.76031,-1.4968,4.4963e-18,0.0089144,0.0089144,0.0089144,0.0089144
-0.52555,-1.2565e-19,-5.1069e-19,-4.3049e-18,-0.81819,0.75854,-1.492,3.0924e-18,0.0095255,0.0095255,0.0095255,0.0095255
-0.52552,-2.6214e-19,-5.9914e-19,-4.2755e-18,-0.82013,0.75668,-1.487,7.982e-18,0.010162,0.010162,0.010162,0.010162
-0.52549,-4.3511e-19,-5.6853e-19,-3.9385e-18,-0.8221,0.75473,-1.4819,7.9987e-18,0.010826,0.010826,0.010826,0.010826
-0.52545,-4.0259e-19,-6.3123e-19,-3.606e-18,-0.82411,0.75268,-1.4766,7.8169e-18,0.011517,0.011517,0.011517,0.011517
-0.52542,-4.3053e-19,-4.9061e-19,-3.7506e-18,-0.82614,0.75053,-1.4712,7.6692e-18,0.012236,0.012236,0.012236,0.012236
-0.52538,-3.3781e-19,-4.2326e-19,-3.4774e-18,-0.8282,0.74828,-1.4655,5.7319e-18,0.012984,0.012984,0.012984,0.012984
-0.52535,-5.0438e-19,-6.0806e-19,-3.0311e-18,-0.83028,0.74591,-1.4598,5.567e-18,0.013763,0.013763,0.013763,0.013763
-0.52531,-5.0321e-19,-6.4929e-19,-2.7544e-18,-0.83238,0.74343,-1.4538,5.512e-18,0.014573,0.014573,0.014573,0.014573
-0.52527,-3.2808e-19,-4.1246e-19,-3.184e-18,-0.83451,0.74084,-1.4477,5.5509e-18,0.015415,0.015415,0.015415,0.015415
-0.52523,-5.6052e-19,-4.9998e-19,-3.0734e-18,-0.83664,0.73812,-1.4414,7.4642e-18,0.016291,0.016291,0.016291,0.016291
-0.52518,-5.0768e-19,-7.2311e-19,-2.4651e-18,-0.83879,0.73527,-1.4349,7.5074e-18,0.017202,0.017202,0.017202,0.017202
-0.52514,-5.637e-19,-8.0217e-19,-2.2262e-18,-0.84095,0.73229,-1.4283,7.4898e-18,0.018149,0.018149,0.018149,0.018149
-0.52509,-7.0385e-19,-9.0291e-19,-1.2752e-18,-0.84311,0.72918,-1.4215,2.8547e-18,0.019133,0.019133,0.019133,0.019133
-0.52504,-6.498e-19,-1.0873e-18,-5.895e-19,-0.84528,0.72592,-1.4145,2.667e-18,0.020157,0.020157,0.020157,0.020157
-0.52499,-7.341e-19,-1.1133e-18,-2.2434e-19,-0.84745,0.72252,-1.4074,2.7138e-18,0.02122,0.02122,0.02122,0.02122
-0.52494,-8.2283e-19,-1.4805e-18,2.8374e-19,-0.84961,0.71897,-1.4,2.7505e-18,0.022327,0.022327,0.022327,0.022327
-0.52488,-1.0629e-18,-1.786e-18,1.0915e-18,-0.85177,0.71526,-1.3925,2.7253e-18,0.023477,0.023477,0.023477,0.023477
-0.52483,-1.021e-18,-1.831e-18,1.3328e-18,-0.85392,0.71138,-1.3848,2.869e-18,0.024672,0.024672,0.024672,0.024672
-0.52477,-1.0234e-18,-2.0664e-18,2.0569e-18,-0.85605,0.70734,-1.3769,3.0278e-18,0.025916,0.025916,0.025916,0.025916
-0.52471,-1.1901e-18,-2.1652e-18,2.2141e-18,-0.85817,0.70312,-1.3688,3.0889e-18,0.02721,0.02721,0.02721,0.02721
-0.52464,-1.0406e-18,-2.1876e-18,2.184e-18,-0.86026,0.69872,-1.3606,3.1056e-18,0.028556,0.028556,0.028556,0.028556
-0.52458,-1.1136e-18,-2.5432e-18,3.3329e-18,-0.86232,0.69413,-1.3521,-1.0755e-20,0.029956,0.029956,0.029956,0.029956
-0.52451,-1.2912e-18,-3.1232e-18,4.5386e-18,-0.86436,0.68934,-1.3435,1.5619e-18,0.031414,0.031414,0.031414,0.031414
-0.52444,-1.1917e-18,-3.1613e-18,4.6409e-18,-0.86636,0.68436,-1.3346,1.6894e-18,0.032931,0.032931,0.032931,0.032931
-0.52436,-1.2197e-18,-3.3824e-18,3.7695e-18,-0.86832,0.67916,-1.3256,1.0126e-17,0.034512,0.034512,0.034512,0.034512
-0.52428,-1.0371e-18,-3.1124e-18,2.1981e-18,-0.87024,0.67375,-1.3163,1.8265e-17,0.036159,0.036159,0.036159,0.036159
-0.5242,-1.2146e-18,-3.3719e-18,3.6967e-18,-0.8721,0.66812,-1.3069,1.8342e-17,0.037875,0.037875,0.037875,0.037875
-0.52412,-1.2191e-18,-3.4919e-18,4.1745e-18,-0.87392,0.66225,-1.2972,1.8573e-17,0.039664,0.039664,0.039664,0.039664
-0.52403,-1.0499e-18,-3.7891e-18,4.5435e-18,-0.87567,0.65614,-1.2874,1.8719e-17,0.04153,0.04153,0.04153,0.04153
-0.52393,-9.3944e-19,-3.9127e-18,7.2716e-18,-0.87736,0.64978,-1.2773,8.7301e-18,0.043478,0.043478,0.043478,0.043478
-0.52384,-1.486e-18,-4.5291e-18,8.7752e-18,-0.87898,0.64317,-1.267,9.6223e-18,0.045512,0.045512,0.045512,0.045512
-0.52374,-1.6265e-18,-5.0195e-18,1.0066e-17,-0.88052,0.63628,-1.2565,9.6639e-18,0.047636,0.047636,0.047636,0.047636
-0.52363,-1.55e-18,-4.4432e-18,9.8193e-18,-0.88198,0.62912,-1.2458,9.5927e-18,0.049857,0.049857,0.049857,0.049857
-0.52352,-1.4603e-18,-4.6819e-18,1.1702e-17,-0.88335,0.62168,-1.2348,4.8504e-18,0.05218,0.05218,0.05218,0.05218
-0.52341,-1.4626e-18,-4.5497e-18,1.2435e-17,-0.88463,0.61393,-1.2236,5.2413e-18,0.054611,0.054611,0.054611,0.054611
-0.52329,-1.752e-18,-5.0313e-18,1.3278e-17,-0.8858,0.60587,-1.2122,5.3281e-18,0.057158,0.057158,0.057158,0.057158
-0.52316,-2.3008e-18,-5.4909e-18,1.511e-17,-0.88686,0.5975,-1.2005,5.2818e-18,0.059827,0.059827,0.059827,0.059827
-0.52303,-2.4734e-18,-6.5172e-18,1.6455e-17,-0.8878,0.58878,-1.1886,5.5088e-18,0.062628,0.062628,0.062628,0.062628
-0.52289,-2.359e-18,-7.0913e-18,1.7825e-17,-0.88862,0.57973,-1.1764,5.7474e-18,0.065569,0.065569,0.065569,0.065569
-0.52274,-2.1756e-18,-7.1877e-18,1.7792e-17,-0.88931,0.57031,-1.164,5.9377e-18,0.068661,0.068661,0.068661,0.068661
-0.52258,-2.1532e-18,-8.2401e-18,1.9662e-17,-0.88985,0.56052,-1.1513,6.0073e-18,0.071914,0.071914,0.071914,0.071914
-0.52242,-2.3091e-18,-9.4647e-18,2.1154e-17,-0.89024,0.55035,-1.1384,1.2349e-17,0.075341,0.075341,0.075341,0.075341
-0.52225,-2.6111e-18,-1.0968e-17,2.4625e-17,-0.89047,0.53977,-1.1252,1.2653e-17,0.078954,0.078954,0.078954,0.078954
-0.52207,-3.109e-18,-1.1784e-17,2.7599e-17,-0.89052,0.52877,-1.1118,1.2604e-17,0.08277,0.08277,0.08277,0.08277
-0.52188,-3.4622e-18,-1.3376e-17,3.1287e-17,-0.89039,0.51734,-1.098,1.2853e-17,0.086804,0.086804,0.086804,0.086804
-0.52167,-3.1392e-18,-1.3948e-17,3.5943e-17,-0.89007,0.50546,-1.084,1.9213e-18,0.091076,0.091076,0.091076,0.091076
-0.52146,-3.0729e-18,-1.4132e-17,3.8576e-17,-0.88955,0.4931,-1.0696,-4.1523e-18,0.095607,0.095607,0.095607,0.095607
-0.52123,-3.8463e-18,-1.4661e-17,4.1629e-17,-0.8888,0.48026,-1.055,-3.9575e-18,0.10042,0.10042,0.10042,0.10042
-0.52099,-4.4786e-18,-1.5755e-17,4.5704e-17,-0.88783,0.46692,-1.0401,-4.2434e-18,0.10554,0.10554,0.10554,0.10554
-0.52073,-4.809e-18,-1.6614e-17,4.881e-17,-0.88661,0.45305,-1.0249,-3.971e-18,0.111,0.111,0.111,0.111
-0.52045,-4.987e-18,-1.7136e-17,5.0077e-17,-0.88514,0.43864,-1.0094,-3.6323e-18,0.11683,0.11683,0.11683,0.11683
-0.52015,-5.3427e-18,-1.9409e-17,5.5341e-17,-0.8834,0.42367,-0.9935,-5.7938e-18,0.12307,0.12307,0.12307,0.12307
-0.51984,-5.0495e-18,-1.9993e-17,5.649e-17,-0.88138,0.40813,-0.97734,-5.3002e-18,0.12977,0.12977,0.12977,0.12977
-0.51949,-5.8867e-18,-2.1643e-17,6.1821e-17,-0.87906,0.39201,-0.96086,-5.3934e-18,0.13697,0.13697,0.13697,0.13697
-0.51913,-6.2114e-18,-2.4566e-17,6.79e-17,-0.87643,0.37529,-0.94407,-5.5648e-18,0.14472,0.14472,0.14472,0.14472
-0.51873,-6.4191e-18,-2.6854e-17,7.2251e-17,-0.87349,0.35797,-0.92697,-5.5517e-18,0.1531,0.1531,0.1531,0.1531
-0.5183,-7.8075e-18,-3.0444e-17,8.1413e-17,-0.87023,0.34006,-0.90957,-5.627e-18,0.16218,0.16218,0.16218,0.16218
-0.51783,-7.8447e-18,-3.1e-17,8.3321e-17,-0.86664,0.32158,-0.89191,-5.7506e-18,0.17203,0.17203,0.17203,0.17203
-0.51732,-7.1151e-18,-3.1209e-17,8.3921e-17,-0.86274,0.30255,-0.87399,-5.497e-18,0.18275,0.18275,0.18275,0.18275
-0.51676,-6.6944e-18,-3.2135e-17,8.6121e-17,-0.85852,0.28303,-0.85586,-5.1893e-18,0.19444,0.19444,0.19444,0.19444
-0.51616,-9.598e-18,-3.2521e-17,9.0406e-17,-0.85402,0.2631,-0.83758,1.2663e-18,0.20719,0.20719,0.20719,0.20719
-0.5155,-1.0431e-17,-3.6488e-17,9.8779e-17,-0.84928,0.24286,-0.81922,1.9174e-18,0.22114,0.22114,0.22114,0.22114
-0.51477,-1.0352e-17,-3.852e-17,1.0406e-16,-0.84435,0.22246,-0.80087,-3.1694e-18,0.23638,0.23638,0.23638,0.23638
-0.51398,-1.1301e-17,-4.2414e-17,1.193e-16,-0.83931,0.20211,-0.78264,-1.6278e-17,0.25302,0.25302,0.25302,0.25302
-0.51312,-1.2761e-17,-4.3715e-17,1.24e-16,-0.83425,0.18201,-0.76466,-1.208e-17,0.27114,0.27114,0.27114,0.27114
-0.51219,-1.526e-17,-4.9676e-17,1.4097e-16,-0.8293,0.16245,-0.74709,-1.2253e-17,0.29081,0.29081,0.29081,0.29081
-0.51118,-1.9071e-17,-5.4541e-17,1.5712e-16,-0.82459,0.1437,-0.73006,-1.4866e-17,0.31203,0.31203,0.31203,0.31203
-0.5101,-2.0097e-17,-5.9207e-17,1.6566e-16,-0.82025,0.12603,-0.71373,-9.4526e-18,0.33478,0.33478,0.33478,0.33478
-0.50895,-2.1224e-17,-6.0113e-17,1.7543e-16,-0.8164,0.10967,-0.6982,-9.4484e-18,0.35898,0.35898,0.35898,0.35898
-0.50774,-2.2674e-17,-6.6194e-17,1.8802e-16,-0.81313,0.094803,-0.68355,-8.1333e-18,0.38451,0.38451,0.38451,0.38451
-0.50647,-2.6346e-17,-7.1739e-17,2.1306e-16,-0.8105,0.081514,-0.66981,-1.8023e-17,0.41123,0.41123,0.41123,0.41123
-0.50515,-3.029e-17,-7.7051e-17,2.372e-16,-0.80855,0.069818,-0.65697,-3.1725e-17,0.43899,0.43899,0.43899,0.43899
-0.50379,-3.5065e-17,-8.2917e-17,2.6271e-16,-0.80725,0.059661,-0.64499,-4.3246e-17,0.46765,0.46765,0.46765,0.46765
-0.50239,-3.6398e-17,-8.8471e-17,2.7864e-16,-0.80659,0.050938,-0.63379,-4.3023e-17,0.49708,0.49708,0.49708,0.49708
-0.50096,-3.6584e-17,-9.8823e-17,3.0007e-16,-0.8065,0.043516,-0.6233,-4.2481e-17,0.52718,0.52718,0.52718,0.52718
-0.4995,-4.16e-17,-1.0539e-16,3.2386e-16,-0.80694,0.037247,-0.61341,-4.1842e-17,0.55786,0.55786,0.55786,0.55786
-0.49802,-4.0767e-17,-1.0811e-16,3.3031e-16,-0.80783,0.031984,-0.60405,-4.1205e-17,0.58906,0.58906,0.58906,0.58906
-0.49651,-4.2574e-17,-1.0784e-16,3.3977e-16,-0.80912,0.027587,-0.59514,-4.0951e-17,0.62074,0.62074,0.62074,0.62074
-0.49499,-4.4391e-17,-1.1331e-16,3.5446e-16,-0.81075,0.023927,-0.58659,-4.0629e-17,0.65286,0.65286,0.65286,0.65286
-0.49344,-4.3526e-17,-1.1901e-16,3.6338e-16,-0.81268,0.020892,-0.57836,-4.0181e-17,0.6854,0.6854,0.6854,0.6854
-0.49188,-4.3488e-17,-1.1899e-16,3.681e-16,-0.81486,0.018381,-0.57039,-3.9593e-17,0.71833,0.71833,0.71833,0.71833
-0.4903,-3.9265e-17,-1.2121e-16,3.6545e-16,-0.81724,0.01631,-0.56263,-3.9344e-17,0.75165,0.75165,0.75165,0.75165
-0.4887,-4.4328e-17,-1.3284e-16,3.9507e-16,-0.8198,0.014605,-0.55503,-4.6884e-17,0.78535,0.78535,0.78535,0.78535
-0.48708,-4.332e-17,-1.3671e-16,4.0351e-16,-0.82251,0.013203,-0.54757,-4.6697e-17,0.81942,0.81942,0.81942,0.81942
-0.48544,-4.2267e-17,-1.4151e-16,4.1201e-16,-0.82534,0.012054,-0.54022,-4.6387e-17,0.85386,0.85386,0.85386,0.85386
-0.48379,-4.4506e-17,-1.4505e-16,4.2708e-16,-0.82828,0.011113,-0.53295,-4.5872e-17,0.88867,0.88867,0.88867,0.88867
-0.48212,-4.5809e-17,-1.5328e-16,4.4859e-16,-0.8313,0.010343,-0.52575,-4.5589e-17,0.92384,0.92384,0.92384,0.92384
-0.48043,-4.8541e-17,-1.5068e-16,4.5085e-16,-0.83439,0.0097146,-0.51859,-3.1117e-17,0.95937,0.95937,0.95937,0.95937
-0.47872,-4.9301e-17,-1.5728e-16,4.7253e-16,-0.83755,0.0092015,-0.51147,-3.0813e-17,0.99527,0.99527,0.99527,0.99527
-0.477,-5.1454e-17,-1.6381e-16,4.8835e-16,-0.84075,0.0087832,-0.50438,-1.8568e-17,1.0315,1.0315,1.0315,1.0315
-0.47526,-5.3472e-17,-1.669e-16,5.0632e-16,-0.844,0.0084423,-0.4973,-1.7692e-17,1.0681,1.0681,1.0681,1.0681
-0.47351,-5.5242e-17,-1.7323e-16,5.2422e-16,-0.84728,0.0081644,-0.49024,-1.7742e-17,1.1051,1.1051,1.1051,1.1051
-0.47173,-5.6044e-17,-1.8038e-16,5.4191e-16,-0.8506,0.007938,-0.48317,-1.0922e-17,1.1425,1.1425,1.1425,1.1425
-0.46994,-5.6275e-17,-1.9164e-16,5.6648e-16,-0.85393,0.0077533,-0.4761,-9.8199e-18,1.1802,1.1802,1.1802,1.1802
-0.46813,-5.7988e-17,-1.9831e-16,5.8759e-16,-0.85729,0.0076024,-0.46903,-9.1356e-18,1.2182,1.2182,1.2182,1.2182
-0.46631,-6.1486e-17,-2.0281e-16,6.0266e-16,-0.86066,0.007479,-0.46195,-1.0032e-18,1.2566,1.2566,1.2566,1.2566
-0.46447,-6.2709e-17,-2.097e-16,6.2585e-16,-0.86405,0.0073777,-0.45486,-5.8421e-19,1.2954,1.2954,1.2954,1.2954
-0.46261,-6.4359e-17,-2.2236e-16,6.5382e-16,-0.86746,0.0072942,-0.44775,-2.6642e-19,1.3346,1.3346,1.3346,1.3346
-0.46073,-6.7561e-17,-2.2427e-16,6.7146e-16,-0.87087,0.0072251,-0.44063,3.5609e-19,1.3741,1.3741,1.3741,1.3741
-0.45884,-6.6159e-17,-2.3212e-16,6.8596e-16,-0.87429,0.0071676,-0.43349,1.346e-18,1.4139,1.4139,1.4139,1.4139
-0.45693,-6.9222e-17,-2.3462e-16,7.0326e-16,-0.87772,0.0071194,-0.42634,3.0831e-18,1.4542,1.4542,1.4542,1.4542
-0.455,-7.3272e-17,-2.4786e-16,7.4194e-16,-0.88116,0.0070786,-0.41917,-4.3797e-18,1.4947,1.4947,1.4947,1.4947
-0.45306,-7.8719e-17,-2.5471e-16,7.7673e-16,-0.8846,0.0070438,-0.41198,-1.2387e-17,1.5357,1.5357,1.5357,1.5357
-0.45109,-8.2277e-17,-2.5227e-16,7.9308e-16,-0.88805,0.0070137,-0.40478,-1.0465e-17,1.577,1.577,1.577,1.577
-0.44911,-8.7847e-17,-2.5613e-16,8.2244e-16,-0.89151,0.0069874,-0.39756,-1.8465e-17,1.6186,1.6186,1.6186,1.6186
-0.44712,-8.9374e-17,-2.6576e-16,8.5085e-16,-0.89496,0.0069641,-0.39032,-1.7594e-17,1.6607,1.6607,1.6607,1.6607
-0.44511,-8.9667e-17,-2.7091e-16,8.7151e-16,-0.89842,0.0069433,-0.38306,-1.6486e-17,1.703,1.703,1.703,1.703
-0.44308,-9.2279e-17,-2.8103e-16,8.9025e-16,-0.90189,0.0069244,-0.37578,-2.4325e-17,1.7458,1.7458,1.7458,1.7458
-0.44103,-9.4017e-17,-2.8425e-16,9.2291e-16,-0.90535,0.006907,-0.36849,-1.6626e-17,1.7889,1.7889,1.7889,1.7889
-0.43896,-9.4909e-17,-2.8617e-16,9.3367e-16,-0.90882,0.0068908,-0.36117,-2.2809e-17,1.8323,1.8323,1.8323,1.8323
-0.43688,-9.5198e-17,-2.9145e-16,9.5929e-16,-0.91229,0.0068755,-0.35385,-2.1911e-17,1.8762,1.8762,1.8762,1.8762
-0.43478,-9.6639e-17,-3.0295e-16,9.8859e-16,-0.91576,0.0068611,-0.3465,-1.8336e-17,1.9203,1.9203,1.9203,1.9203
-0.43267,-9.8992e-17,-3.0999e-16,1.0167e-15,-0.91923,0.0068472,-0.33914,-1.7255e-17,1.9648,1.9648,1.9648,1.9648
-0.43054,-9.9982e-17,-3.1573e-16,1.0471e-15,-0.92271,0.0068338,-0.33176,-1.3093e-17,2.0097,2.0097,2.0097,2.0097
-0.42839,-1.1061e-16,-3.2357e-16,1.0962e-15,-0.92618,0.0068209,-0.32437,-2.1888e-17,2.055,2.055,2.055,2.055
-0.42622,-1.0723e-16,-3.2342e-16,1.1109e-15,-0.92965,0.0068082,-0.31696,-1.7246e-17,2.1006,2.1006,2.1006,2.1006
-0.42404,-1.0609e-16,-3.2197e-16,1.1306e-15,-0.93313,0.0067958,-0.30953,-7.2485e-18,2.1465,2.1465,2.1465,2.1465
-0.42184,-1.1198e-16,-3.3432e-16,1.177e-15,-0.9366,0.0067836,-0.30209,-1.2867e-17,2.1928,2.1928,2.1928,2.1928
-0.41963,-1.1536e-16,-3.346e-16,1.1905e-15,-0.94008,0.0067716,-0.29464,-1.9e-17,2.2395,2.2395,2.2395,2.2395
-0.41739,-1.1048e-16,-3.392e-16,1.217e-15,-0.94355,0.0067597,-0.28717,-1.0414e-17,2.2865,2.2865,2.2865,2.2865
-0.41514,-1.0866e-16,-3.3917e-16,1.2262e-15,-0.94702,0.0067479,-0.27968,-5.7715e-18,2.3338,2.3338,2.3338,2.3338
-0.41288,-1.0737e-16,-3.4147e-16,1.2291e-15,-0.9505,0.0067362,-0.27219,-9.8603e-18,2.3816,2.3816,2.3816,2.3816
-0.41059,-1.1003e-16,-3.4353e-16,1.2531e-15,-0.95397,0.0067246,-0.26468,-8.339e-18,2.4296,2.4296,2.4296,2.4296
-0.40829,-1.1324e-16,-3.475e-16,1.2678e-15,-0.95744,0.0067131,-0.25715,-1.688e-17,2.478,2.478,2.478,2.478
-0.40598,-1.1537e-16,-3.5349e-16,1.3026e-15,-0.9609,0.0067016,-0.24962,-9.4262e-18,2.5268,2.5268,2.5268,2.5268
-0.40365,-1.1343e-16,-3.5327e-16,1.319e-15,-0.96437,0.0066902,-0.24207,-1.4202e-17,2.5759,2.5759,2.5759,2.5759
-0.4013,-1.1598e-16,-3.5818e-16,1.3466e-15,-0.96784,0.0066789,-0.23451,-1.2702e-17,2.6253,2.6253,2.6253,2.6253
-0.39893,-1.2253e-16,-3.6537e-16,1.3904e-15,-0.9713,0.0066676,-0.22694,-2.2331e-17,2.6751,2.6751,2.6751,2.6751
-0.39655,-1.2041e-16,-3.6535e-16,1.4136e-15,-0.97476,0.0066563,-0.21936,-1.3212e-17,2.7253,2.7253,2.7253,2.7253
-0.39415,-1.2804e-16,-3.7057e-16,1.4521e-15,-0.97822,0.0066451,-0.21176,-2.2656e-17,2.7758,2.7758,2.7758,2.7758
-0.39174,-1.3009e-16,-3.7853e-16,1.4835e-15,-0.98167,0.0066339,-0.20416,-3.1806e-17,2.8266,2.8266,2.8266,2.8266
-0.38931,-1.3249e-16,-3.8886e-16,1.5134e-15,-0.98512,0.0066228,-0.19654,-3.0325e-17,2.8778,2.8778,2.8778,2.8778
-0.38686,-1.393e-16,-3.9573e-16,1.5429e-15,-0.98857,0.0066117,-0.18892,-4.7098e-17,2.9293,2.9293,2.9293,2.9293
-0.3844,-1.4609e-16,-4.038e-16,1.5847e-15,-0.99202,0.0066006,-0.18129,-5.8727e-17,2.9811,2.9811,2.9811,2.9811
-0.38192,-1.5301e-16,-4.1036e-16,1.6417e-15,-0.99546,0.0065896,-0.17364,-5.8321e-17,3.0333,3.0333,3.0333,3.0333
-0.37942,-1.5525e-16,-4.1251e-16,1.6561e-15,-0.9989,0.0065786,-0.16599,-6.353e-17,3.0859,3.0859,3.0859,3.0859
-0.37691,-1.6176e-16,-4.1908e-16,1.6985e-15,-1.0023,0.0065677,-0.15833,-7.3726e-17,3.1387,3.1387,3.1387,3.1387
-0.37438,-1.6429e-16,-4.24e-16,1.7117e-15,-1.0058,0.0065567,-0.15066,-9.6151e-17,3.1919,3.1919,3.1919,3.1919
-0.37184,-1.6995e-16,-4.3129e-16,1.7547e-15,-1.0092,0.0065458,-0.14298,-1.0612e-16,3.2455,3.2455,3.2455,3.2455
-0.36928,-1.7167e-16,-4.3285e-16,1.7891e-15,-1.0126,0.006535,-0.1353,-9.7302e-17,3.2993,3.2993,3.2993,3.2993
-0.36671,-1.7406e-16,-4.3301e-16,1.8217e-15,-1.016,0.0065241,-0.12761,-1.0814e-16,3.3535,3.3535,3.3535,3.3535
-0.36412,-1.7654e-16,-4.324e-16,1.8496e-15,-1.0195,0.0065133,-0.11991,-1.0677e-16,3.408,3.408,3.408,3.408
-0.36151,-1.7784e-16,-4.335e-16,1.8758e-15,-1.0229,0.0065026,-0.1122,-1.1537e-16,3.4629,3.4629,3.4629,3.4629
-0.35889,-1.8618e-16,-4.4438e-16,1.9258e-15,-1.0263,0.0064918,-0.10449,-1.2575e-16,3.5181,3.5181,3.5181,3.5181
-0.35625,-1.8695e-16,-4.4409e-16,1.9355e-15,-1.0297,0.0064811,-0.096775,-1.3449e-16,3.5736,3.5736,3.5736,3.5736
-0.3536,-1.8416e-16,-4.4007e-16,1.9345e-15,-1.0331,0.0064704,-0.089051,-1.3717e-16,3.6294,3.6294,3.6294,3.6294
-0.35094,-1.8001e-16,-4.336e-16,1.9497e-15,-1.0364,0.0064598,-0.081322,-1.2621e-16,3.6856,3.6856,3.6856,3.6856
-0.34825,-1.8285e-16,-4.383e-16,1.9741e-15,-1.0398,0.0064492,-0.073589,-1.4341e-16,3.742,3.742,3.742,3.742
-0.34556,-1.8407e-16,-4.3979e-16,2.0053e-15,-1.0432,0.0064386,-0.06585,-1.3904e-16,3.7988,3.7988,3.7988,3.7988
-0.34284,-1.9532e-16,-4.5451e-16,2.071e-15,-1.0466,0.006428,-0.058107,-1.4911e-16,3.8559,3.8559,3.8559,3.8559
-0.34012,-1.972e-16,-4.5444e-16,2.0995e-15,-1.0499,0.0064175,-0.05036,-1.596e-16,3.9133,3.9133,3.9133,3.9133
-0.33737,-1.9786e-16,-4.5631e-16,2.1396e-15,-1.0533,0.006407,-0.04261,-1.6378e-16,3.9711,3.9711,3.9711,3.9711
-0.33462,-1.9511e-16,-4.5158e-16,2.1417e-15,-1.0567,0.0063965,-0.034855,-1.6673e-16,4.0291,4.0291,4.0291,4.0291
-0.33184,-1.9299e-16,-4.4884e-16,2.1444e-15,-1.06,0.006386,-0.027098,-1.6967e-16,4.0875,4.0875,4.0875,4.0875
-0.32906,-1.9347e-16,-4.4705e-16,2.1669e-15,-1.0633,0.0063756,-0.019338,-1.8383e-16,4.1462,4.1462,4.1462,4.1462
-0.32626,-2.0201e-16,-4.5491e-16,2.202e-15,-1.0667,0.0063652,-0.011575,-2.0137e-16,4.2051,4.2051,4.2051,4.2051
-0.32344,-1.9996e-16,-4.5311e-16,2.2188e-15,-1.07,0.0063549,-0.0038099,-1.9236e-16,4.2644,4.2644,4.2644,4.2644
-0.32061,-1.9726e-16,-4.4805e-16,2.2418e-15,-1.0733,0.0063446,0.0039571,-1.7678e-16,4.324,4.324,4.324,4.324
-0.31777,-2.0614e-16,-4.5641e-16,2.2907e-15,-1.0766,0.0063342,0.011726,-1.8534e-16,4.3839,4.3839,4.3839,4.3839
-0.31491,-2.1296e-16,-4.6201e-16,2.338e-15,-1.0799,0.006324,0.019496,-1.9387e-16,4.4441,4.4441,4.4441,4.4441
-0.31203,-2.1635e-16,-4.6536e-16,2.3592e-15,-1.0832,0.0063137,0.027266,-1.9629e-16,4.5045,4.5045,4.5045,4.5045
-0.30915,-2.1218e-16,-4.6012e-16,2.3622e-15,-1.0865,0.0063035,0.035038,-1.986e-16,4.5653,4.5653,4.5653,4.5653
-0.30625,-2.1513e-16,-4.6205e-16,2.4006e-15,-1.0898,0.0062933,0.04281,-2.0259e-16,4.6264,4.6264,4.6264,4.6264
-0.30333,-2.1646e-16,-4.6352e-16,2.4385e-15,-1.0931,0.0062832,0.050582,-2.0653e-16,4.6877,4.6877,4.6877,4.6877
-0.3004,-2.2064e-16,-4.6496e-16,2.4733e-15,-1.0963,0.006273,0.058354,-2.0074e-16,4.7494,4.7494,4.7494,4.7494
-0.29746,-2.2349e-16,-4.6564e-16,2.5047e-15,-1.0996,0.0062629,0.066126,-2.0961e-16,4.8113,4.8113,4.8113,4.8113
-0.29451,-2.2433e-16,-4.6524e-16,2.5254e-15,-1.1028,0.0062528,0.073897,-2.2488e-16,4.8735,4.8735,4.8735,4.8735
-0.29154,-2.327e-16,-4.7327e-16,2.5677e-15,-1.1061,0.0062428,0.081666,-2.4131e-16,4.9361,4.9361,4.9361,4.9361
-0.28856,-2.3428e-16,-4.7278e-16,2.5926e-15,-1.1093,0.0062328,0.089435,-2.384e-16,4.9988,4.9988,4.9988,4.9988
-0.28556,-2.3151e-16,-4.6596e-16,2.592e-15,-1.1125,0.0062228,0.097201,-2.4336e-16,5.0619,5.0619,5.0619,5.0619
-0.28255,-2.2185e-16,-4.524e-16,2.5824e-15,-1.1157,0.0062128,0.10497,-2.3911e-16,5.1252,5.1252,5.1252,5.1252
-0.27953,-2.3034e-16,-4.5964e-16,2.6386e-15,-1.1189,0.0062029,0.11273,-2.4622e-16,5.1889,5.1889,5.1889,5.1889
-0.27649,-2.2785e-16,-4.5657e-16,2.6511e-15,-1.1221,0.006193,0.12049,-2.4034e-16,5.2527,5.2527,5.2527,5.2527
-0.27345,-2.303e-16,-4.5667e-16,2.6846e-15,-1.1253,0.0061831,0.12825,-2.3487e-16,5.3169,5.3169,5.3169,5.3169
-0.27039,-2.3346e-16,-4.5553e-16,2.7024e-15,-1.1285,0.0061733,0.136,-2.5149e-16,5.3813,5.3813,5.3813,5.3813
-0.26731,-2.3728e-16,-4.5848e-16,2.7405e-15,-1.1316,0.0061635,0.14375,-2.4565e-16,5.446,5.446,5.446,5.446
-0.26423,-2.4157e-16,-4.5815e-16,2.7693e-15,-1.1348,0.0061537,0.1515,-2.4385e-16,5.511,5.511,5.511,5.511
-0.26113,-2.4944e-16,-4.618e-16,2.813e-15,-1.1379,0.0061439,0.15924,-2.5942e-16,5.5762,5.5762,5.5762,5.5762
-0.25802,-2.5109e-16,-4.5917e-16,2.8455e-15,-1.141,0.0061342,0.16698,-2.6533e-16,5.6416,5.6416,5.6416,5.6416
-0.2549,-2.4749e-16,-4.5263e-16,2.8591e-15,-1.1442,0.0061245,0.17471,-2.5675e-16,5.7074,5.7074,5.7074,5.7074
-0.25177,-2.5491e-16,-4.5902e-16,2.9051e-15,-1.1473,0.0061148,0.18244,-2.7073e-16,5.7733,5.7733,5.7733,5.7733
-0.24862,-2.5727e-16,-4.5776e-16,2.9274e-15,-1.1504,0.0061052,0.19017,-2.8459e-16,5.8396,5.8396,5.8396,5.8396
-0.24546,-2.5889e-16,-4.5703e-16,2.9608e-15,-1.1535,0.0060956,0.19788,-2.9538e-16,5.906,5.906,5.906,5.906
-0.24229,-2.5518e-16,-4.4701e-16,2.97e-15,-1.1565,0.006086,0.2056,-2.908e-16,5.9728,5.9728,5.9728,5.9728
-0.23911,-2.6235e-16,-4.4914e-16,3.0148e-15,-1.1596,0.0060765,0.2133,-3.0215e-16,6.0397,6.0397,6.0397,6.0397
-0.23592,-2.7172e-16,-4.5632e-16,3.0565e-15,-1.1627,0.006067,0.22101,-3.1831e-16,6.1069,6.1069,6.1069,6.1069
-0.23272,-2.7164e-16,-4.5329e-16,3.0789e-15,-1.1657,0.0060575,0.2287,-3.3146e-16,6.1744,6.1744,6.1744,6.1744
-0.2295,-2.6693e-16,-4.4882e-16,3.0805e-15,-1.1687,0.006048,0.23639,-3.3341e-16,6.242,6.242,6.242,6.242
-0.22628,-2.6943e-16,-4.4606e-16,3.1041e-15,-1.1718,0.0060386,0.24407,-3.48e-16,6.3099,6.3099,6.3099,6.3099
-0.22304,-2.7185e-16,-4.4311e-16,3.1323e-15,-1.1748,0.0060292,0.25174,-3.6138e-16,6.3781,6.3781,6.3781,6.3781
-0.21979,-2.7232e-16,-4.4095e-16,3.1606e-15,-1.1778,0.0060199,0.25941,-3.7526e-16,6.4464,6.4464,6.4464,6.4464
-0.21654,-2.7368e-16,-4.4506e-16,3.1994e-15,-1.1807,0.0060105,0.26707,-3.8473e-16,6.515,6.515,6.515,6.515
-0.21327,-2.8409e-16,-4.4625e-16,3.2531e-15,-1.1837,0.0060012,0.27471,-4.0714e-16,6.5838,6.5838,6.5838,6.5838
-0.20999,-2.797e-16,-4.3613e-16,3.2544e-15,-1.1867,0.005992,0.28236,-4.0839e-16,6.6528,6.6528,6.6528,6.6528
-0.2067,-2.8176e-16,-4.3559e-16,3.2804e-15,-1.1896,0.0059827,0.28999,-4.2033e-16,6.7221,6.7221,6.7221,6.7221
-0.2034,-2.8336e-16,-4.3956e-16,3.3191e-15,-1.1926,0.0059735,0.29761,-4.2994e-16,6.7915,6.7915,6.7915,6.7915
-0.20009,-2.9028e-16,-4.4741e-16,3.3686e-15,-1.1955,0.0059644,0.30523,-4.4442e-16,6.8612,6.8612,6.8612,6.8612
-0.19677,-2.9095e-16,-4.5297e-16,3.4022e-15,-1.1984,0.0059553,0.31283,-4.5833e-16,6.9311,6.9311,6.9311,6.9311
-0.19345,-3.0315e-16,-4.6353e-16,3.4538e-15,-1.2013,0.0059462,0.32043,-4.7628e-16,7.0011,7.0011,7.0011,7.0011
-0.19011,-3.3069e-16,-4.8754e-16,3.5254e-15,-1.2042,0.0059371,0.32801,-5.0025e-16,7.0714,7.0714,7.0714,7.0714
-0.18676,-3.3101e-16,-4.8219e-16,3.5482e-15,-1.2071,0.0059281,0.33559,-5.0966e-16,7.1419,7.1419,7.1419,7.1419
-0.18341,-3.3097e-16,-4.824e-16,3.5787e-15,-1.2099,0.0059191,0.34315,-5.235e-16,7.2125,7.2125,7.2125,7.2125
-0.18004,-3.3734e-16,-4.8832e-16,3.6283e-15,-1.2128,0.0059101,0.3507,-5.53e-16,7.2834,7.2834,7.2834,7.2834
-0.17667,-3.4509e-16,-4.9665e-16,3.68e-15,-1.2156,0.0059012,0.35825,-5.6503e-16,7.3544,7.3544,7.3544,7.3544
-0.17328,-3.4068e-16,-4.906e-16,3.6877e-15,-1.2184,0.0058923,0.36578,-5.6144e-16,7.4256,7.4256,7.4256,7.4256
-0.16989,-3.2933e-16,-4.672e-16,3.6592e-15,-1.2212,0.0058834,0.3733,-5.58e-16,7.4971,7.4971,7.4971,7.4971
-0.16649,-3.442e-16,-4.7559e-16,3.73e-15,-1.224,0.0058746,0.38081,-5.8887e-16,7.5686,7.5686,7.5686,7.5686
-0.16308,-3.5198e-16,-4.8047e-16,3.7826e-15,-1.2268,0.0058658,0.3883,-6.0353e-16,7.6404,7.6404,7.6404,7.6404
-0.15966,-3.5436e-16,-4.7074e-16,3.7927e-15,-1.2296,0.0058571,0.39579,-6.2027e-16,7.7123,7.7123,7.7123,7.7123
-0.15624,-3.522e-16,-4.6652e-16,3.8176e-15,-1.2323,0.0058484,0.40326,-6.3321e-16,7.7845,7.7845,7.7845,7.7845
-0.15281,-3.5304e-16,-4.6859e-16,3.8474e-15,-1.2351,0.0058397,0.41072,-6.4613e-16,7.8567,7.8567,7.8567,7.8567
-0.14936,-3.6445e-16,-4.8592e-16,3.9288e-15,-1.2378,0.005831,0.41816,-6.7406e-16,7.9292,7.9292,7.9292,7.9292
-0.14592,-3.6499e-16,-4.8716e-16,3.966e-15,-1.2405,0.0058224,0.42559,-6.8503e-16,8.0018,8.0018,8.0018,8.0018
-0.14246,-3.5919e-16,-4.7927e-16,3.969e-15,-1.2432,0.0058139,0.43301,-6.8099e-16,8.0745,8.0745,8.0745,8.0745
-0.139,-3.7019e-16,-4.8501e-16,4.023e-15,-1.2459,0.0058053,0.44042,-7.0989e-16,8.1474,8.1474,8.1474,8.1474
-0.13553,-3.6638e-16,-4.7756e-16,4.0331e-15,-1.2486,0.0057968,0.44781,-7.0614e-16,8.2205,8.2205,8.2205,8.2205
-0.13205,-3.7018e-16,-4.7107e-16,4.0597e-15,-1.2512,0.0057884,0.45518,-7.1632e-16,8.2937,8.2937,8.2937,8.2937
-0.12856,-3.7228e-16,-4.6713e-16,4.077e-15,-1.2538,0.00578,0.46254,-7.3131e-16,8.3671,8.3671,8.3671,8.3671
-0.12507,-3.7514e-16,-4.6409e-16,4.105e-15,-1.2565,0.0057716,0.46989,-7.4427e-16,8.4405,8.4405,8.4405,8.4405
-0.12158,-3.7157e-16,-4.507e-16,4.1141e-15,-1.2591,0.0057632,0.47722,-7.3719e-16,8.5142,8.5142,8.5142,8.5142
-0.11807,-3.715e-16,-4.4556e-16,4.1378e-15,-1.2617,0.0057549,0.48454,-7.493e-16,8.5879,8.5879,8.5879,8.5879
-0.11456,-3.8398e-16,-4.5177e-16,4.2088e-15,-1.2642,0.0057467,0.49184,-7.79e-16,8.6618,8.6618,8.6618,8.6618
-0.11105,-3.9157e-16,-4.5878e-16,4.2581e-15,-1.2668,0.0057384,0.49913,-7.9489e-16,8.7359,8.7359,8.7359,8.7359
-0.10752,-3.8948e-16,-4.4963e-16,4.2658e-15,-1.2694,0.0057303,0.5064,-7.9088e-16,8.81,8.81,8.81,8.81
-0.104,-3.8999e-16,-4.4974e-16,4.2934e-15,-1.2719,0.0057221,0.51365,-8.0385e-16,8.8843,8.8843,8.8843,8.8843
-0.10046,-3.9233e-16,-4.4718e-16,4.3234e-15,-1.2744,0.005714,0.52089,-8.1791e-16,8.9587,8.9587,8.9587,8.9587
-0.096925,-3.8676e-16,-4.2733e-16,4.3108e-15,-1.2769,0.0057059,0.52811,-8.168e-16,9.0332,9.0332,9.0332,9.0332
-0.093381,-3.9317e-16,-4.2752e-16,4.3613e-15,-1.2794,0.0056979,0.53531,-8.4627e-16,9.1078,9.1078,9.1078,9.1078
-0.089833,-3.959e-16,-4.1777e-16,4.3796e-15,-1.2819,0.0056899,0.5425,-8.6223e-16,9.1825,9.1825,9.1825,9.1825
-0.086279,-3.8968e-16,-4.1321e-16,4.389e-15,-1.2843,0.0056819,0.54967,-8.6026e-16,9.2573,9.2573,9.2573,9.2573
-0.08272,-3.8561e-16,-4.0262e-16,4.3917e-15,-1.2868,0.005674,0.55682,-8.5444e-16,9.3322,9.3322,9.3322,9.3322
-0.079157,-3.8431e-16,-4.045e-16,4.4217e-15,-1.2892,0.0056662,0.56396,-8.7045e-16,9.4072,9.4072,9.4072,9.4072
-0.07559,-3.8349e-16,-4.1079e-16,4.4587e-15,-1.2916,0.0056583,0.57107,-8.8472e-16,9.4823,9.4823,9.4823,9.4823
-0.072018,-3.8135e-16,-3.9484e-16,4.4519e-15,-1.294,0.0056505,0.57817,-8.8238e-16,9.5575,9.5575,9.5575,9.5575
-0.068442,-3.8334e-16,-3.8703e-16,4.4706e-15,-1.2964,0.0056428,0.58525,-8.9475e-16,9.6328,9.6328,9.6328,9.6328
-0.064862,-3.8684e-16,-3.792e-16,4.4935e-15,-1.2987,0.0056351,0.59231,-9.0871e-16,9.7082,9.7082,9.7082,9.7082
-0.061279,-3.8782e-16,-3.7567e-16,4.515e-15,-1.3011,0.0056274,0.59935,-9.2419e-16,9.7836,9.7836,9.7836,9.7836
-0.057692,-3.9093e-16,-3.7131e-16,4.5421e-15,-1.3034,0.0056198,0.60638,-9.3837e-16,9.8591,9.8591,9.8591,9.8591
-0.054101,-4.0115e-16,-3.7068e-16,4.5821e-15,-1.3057,0.0056122,0.61338,-9.6949e-16,9.9347,9.9347,9.9347,9.9347
-0.050508,-4.0321e-16,-3.6732e-16,4.6073e-15,-1.308,0.0056047,0.62037,-9.8539e-16,10.01,10.01,10.01,10.01
-0.046911,-3.9891e-16,-3.6178e-16,4.6159e-15,-1.3103,0.0055972,0.62733,-9.8235e-16,10.086,10.086,10.086,10.086
-0.043312,-3.982e-16,-3.6697e-16,4.6469e-15,-1.3126,0.0055897,0.63428,-9.9589e-16,10.162,10.162,10.162,10.162
-0.039709,-3.9453e-16,-3.4691e-16,4.6401e-15,-1.3148,0.0055823,0.6412,-9.9203e-16,10.238,10.238,10.238,10.238
-0.036105,-3.9657e-16,-3.3453e-16,4.6556e-15,-1.317,0.0055749,0.64811,-1.0063e-15,10.314,10.314,10.314,10.314
-0.032497,-3.982e-16,-3.2686e-16,4.6739e-15,-1.3193,0.0055676,0.65499,-1.0201e-15,10.39,10.39,10.39,10.39
-0.028888,-3.9243e-16,-3.1072e-16,4.6638e-15,-1.3215,0.0055603,0.66186,-1.0171e-15,10.466,10.466,10.466,10.466
-0.025277,-3.947e-16,-3.1507e-16,4.6918e-15,-1.3236,0.0055531,0.6687,-1.0315e-15,10.542,10.542,10.542,10.542
-0.021664,-3.9614e-16,-3.2148e-16,4.7291e-15,-1.3258,0.0055459,0.67552,-1.0458e-15,10.618,10.618,10.618,10.618
-0.018049,-3.9119e-16,-3.036e-16,4.7231e-15,-1.328,0.0055387,0.68232,-1.0428e-15,10.694,10.694,10.694,10.694
-0.014433,-3.8881e-16,-2.929e-16,4.7216e-15,-1.3301,0.0055316,0.6891,-1.0399e-15,10.77,10.77,10.77,10.77
-0.010815,-3.9829e-16,-2.9071e-16,4.7655e-15,-1.3322,0.0055245,0.69586,-1.0705e-15,10.846,10.846,10.846,10.846
-0.0071963,-3.9152e-16,-2.8624e-16,4.7688e-15,-1.3343,0.0055175,0.7026,-1.069e-15,10.922,10.922,10.922,10.922
-0.0035766,-4.0341e-16,-2.8376e-16,4.8069e-15,-1.3364,0.0055105,0.70931,-1.1019e-15,10.998,10.998,10.998,10.998
4.3899e-05,-4.0397e-16,-2.8563e-16,4.8351e-15,-1.3384,0.0055036,0.716,-1.1154e-15,11.075,11.075,11.075,11.075
0.003665,-4.0742e-16,-2.8016e-16,4.8532e-15,-1.3405,0.0054967,0.72267,-1.1308e-15,11.151,11.151,11.151,11.151
0.0072865,-4.2277e-16,-2.9011e-16,4.9282e-15,-1.3425,0.0054898,0.72932,-1.1791e-15,11.227,11.227,11.227,11.227
0.010908,-4.3648e-16,-3.0177e-16,5.002e-15,-1.3445,0.005483,0.73595,-1.2106e-15,11.303,11.303,11.303,11.303
0.01453,-4.3612e-16,-2.9556e-16,5.0218e-15,-1.3465,0.0054762,0.74255,-1.225e-15,11.38,11.38,11.38,11.38
0.018152,-4.3688e-16,-2.9246e-16,5.0501e-15,-1.3485,0.0054695,0.74913,-1.2405e-15,11.456,11.456,11.456,11.456
0.021773,-4.3312e-16,-2.8104e-16,5.0487e-15,-1.3505,0.0054628,0.75568,-1.2369e-15,11.532,11.532,11.532,11.532
0.025394,-4.294e-16,-2.6342e-16,5.0442e-15,-1.3524,0.0054562,0.76222,-1.2341e-15,11.608,11.608,11.608,11.608
0.029015,-4.3338e-16,-2.5813e-16,5.0586e-15,-1.3544,0.0054496,0.76872,-1.2501e-15,11.685,11.685,11.685,11.685
0.032634,-4.3366e-16,-2.592e-16,5.0861e-15,-1.3563,0.005443,0.77521,-1.2653e-15,11.761,11.761,11.761,11.761
0.036253,-4.3536e-16,-2.5248e-16,5.1e-15,-1.3582,0.0054365,0.78167,-1.2799e-15,11.837,11.837,11.837,11.837
0.03987,-4.505e-16,-2.5701e-16,5.1609e-15,-1.36,0.0054301,0.78811,-1.3275e-15,11.913,11.913,11.913,11.913
0.043486,-4.5042e-16,-2.5073e-16,5.1815e-15,-1.3619,0.0054237,0.79452,-1.3436e-15,11.989,11.989,11.989,11.989
0.047101,-4.593e-16,-2.4525e-16,5.2205e-15,-1.3637,0.0054173,0.80091,-1.3751e-15,12.065,12.065,12.065,12.065
0.050713,-4.5623e-16,-2.3038e-16,5.2115e-15,-1.3656,0.005411,0.80727,-1.3722e-15,12.141,12.141,12.141,12.141
0.054324,-4.5949e-16,-2.1637e-16,5.2271e-15,-1.3674,0.0054047,0.81361,-1.3883e-15,12.217,12.217,12.217,12.217
0.057933,-4.5506e-16,-2.0534e-16,5.2211e-15,-1.3692,0.0053985,0.81993,-1.3845e-15,12.293,12.293,12.293,12.293
0.06154,-4.6855e-16,-2.1925e-16,5.2942e-15,-1.371,0.0053923,0.82622,-1.4332e-15,12.369,12.369,12.369,12.369
0.065144,-4.7396e-16,-2.2488e-16,5.3418e-15,-1.3727,0.0053861,0.83248,-1.4648e-15,12.445,12.445,12.445,12.445
0.068746,-4.7134e-16,-2.0444e-16,5.3296e-15,-1.3745,0.00538,0.83872,-1.4632e-15,12.521,12.521,12.521,12.521
0.072344,-4.7533e-16,-1.949e-16,5.3411e-15,-1.3762,0.005374,0.84493,-1.4794e-15,12.597,12.597,12.597,12.597
0.07594,-4.6594e-16,-1.6892e-16,5.3035e-15,-1.3779,0.0053679,0.85112,-1.4596e-15,12.672,12.672,12.672,12.672
0.079533,-4.7307e-16,-1.6412e-16,5.3332e-15,-1.3796,0.005362,0.85728,-1.4926e-15,12.748,12.748,12.748,12.748
0.083122,-4.7332e-16,-1.6027e-16,5.359e-15,-1.3812,0.005356,0.86342,-1.508e-15,12.824,12.824,12.824,12.824
0.086708,-4.8073e-16,-1.5532e-16,5.3988e-15,-1.3829,0.0053502,0.86953,-1.5404e-15,12.899,12.899,12.899,12.899
0.09029,-4.8846e-16,-1.6064e-16,5.4459e-15,-1.3845,0.0053443,0.87561,-1.572e-15,12.975,12.975,12.975,12.975
0.093869,-4.8757e-16,-1.6613e-16,5.4786e-15,-1.3862,0.0053385,0.88167,-1.5877e-15,13.05,13.05,13.05,13.05
0.097443,-4.835e-16,-1.5995e-16,5.4791e-15,-1.3878,0.0053328,0.8877,-1.5858e-15,13.125,13.125,13.125,13.125
0.10101,-4.8481e-16,-1.58e-16,5.5018e-15,-1.3894,0.0053271,0.89371,-1.6022e-15,13.2,13.2,13.2,13.2
0.10458,-4.7459e-16,-1.329e-16,5.4676e-15,-1.3909,0.0053214,0.89969,-1.6008e-15,13.275,13.275,13.275,13.275
0.10814,-4.7122e-16,-1.0601e-16,5.4476e-15,-1.3925,0.0053158,0.90564,-1.5992e-15,13.35,13.35,13.35,13.35
0.1117,-4.7073e-16,-1.038e-16,5.4661e-15,-1.394,0.0053102,0.91156,-1.615e-15,13.425,13.425,13.425,13.425
0.11525,-4.7836e-16,-9.9052e-17,5.4963e-15,-1.3955,0.0053047,0.91746,-1.6477e-15,13.5,13.5,13.5,13.5
0.11879,-4.7924e-16,-1.0273e-16,5.5183e-15,-1.397,0.0052992,0.92333,-1.6636e-15,13.575,13.575,13.575,13.575
0.12234,-4.7253e-16,-1.0055e-16,5.5192e-15,-1.3985,0.0052938,0.92917,-1.6632e-15,13.649,13.649,13.649,13.649
0.12587,-4.6764e-16,-8.9473e-17,5.5073e-15,-1.4,0.0052884,0.93499,-1.6612e-15,13.724,13.724,13.724,13.724
0.1294,-4.6945e-16,-8.521e-17,5.5235e-15,-1.4014,0.005283,0.94078,-1.6773e-15,13.798,13.798,13.798,13.798
0.13293,-4.7664e-16,-9.0502e-17,5.5647e-15,-1.4029,0.0052777,0.94654,-1.7097e-15,13.872,13.872,13.872,13.872
0.13644,-4.7803e-16,-8.0799e-17,5.575e-15,-1.4043,0.0052725,0.95227,-1.7256e-15,13.946,13.946,13.946,13.946
0.13996,-4.7921e-16,-7.0264e-17,5.5865e-15,-1.4057,0.0052673,0.95797,-1.7418e-15,14.02,14.02,14.02,14.02
0.14346,-4.8193e-16,-6.8617e-17,5.6028e-15,-1.4071,0.0052621,0.96365,-1.7584e-15,14.094,14.094,14.094,14.094
0.14696,-4.8513e-16,-6.3651e-17,5.6212e-15,-1.4085,0.005257,0.9693,-1.7746e-15,14.168,14.168,14.168,14.168
0.15045,-4.8151e-16,-5.5232e-17,5.6234e-15,-1.4098,0.0052519,0.97492,-1.7772e-15,14.241,14.241,14.241,14.241
0.15394,-4.8173e-16,-5.2053e-17,5.637e-15,-1.4111,0.0052468,0.98051,-1.7935e-15,14.314,14.314,14.314,14.314
0.15742,-4.9089e-16,-5.4422e-17,5.6812e-15,-1.4125,0.0052418,0.98607,-1.8266e-15,14.388,14.388,14.388,14.388
0.16089,-4.8563e-16,-4.0809e-17,5.6676e-15,-1.4138,0.0052369,0.99161,-1.8259e-15,14.461,14.461,14.461,14.461
0.16435,-4.9296e-16,-3.5576e-17,5.7026e-15,-1.4151,0.0052319,0.99711,-1.8593e-15,14.534,14.534,14.534,14.534
0.16781,-4.8995e-16,-1.6818e-17,5.6873e-15,-1.4163,0.0052271,1.0026,-1.8597e-15,14.606,14.606,14.606,14.606
0.17126,-4.9234e-16,-7.5518e-18,5.6985e-15,-1.4176,0.0052222,1.008,-1.8773e-15,14.679,14.679,14.679,14.679
0.1747,-4.9203e-16,-1.2264e-17,5.7231e-15,-1.4188,0.0052174,1.0135,-1.8936e-15,14.752,14.752,14.752,14.752
0.17813,-4.9223e-16,-1.0106e-17,5.7375e-15,-1.42,0.0052127,1.0188,-1.9095e-15,14.824,14.824,14.824,14.824
0.18155,-4.9247e-16,-1.604e-17,5.765e-15,-1.4212,0.005208,1.0242,-1.9259e-15,14.896,14.896,14.896,14.896
0.18497,-4.9438e-16,-1.0032e-17,5.778e-15,-1.4224,0.0052033,1.0295,-1.9436e-15,14.968,14.968,14.968,14.968
0.18838,-5.0222e-16,-1.9375e-18,5.8026e-15,-1.4236,0.0051987,1.0348,-1.9754e-15,15.04,15.04,15.04,15.04
0.19178,-5.0094e-16,-7.0226e-19,5.822e-15,-1.4248,0.0051941,1.0401,-1.9915e-15,15.111,15.111,15.111,15.111
0.19517,-5.0858e-16,-3.771e-18,5.8596e-15,-1.4259,0.0051896,1.0454,-2.0231e-15,15.182,15.182,15.182,15.182
0.19855,-5.0824e-16,-1.0543e-18,5.8773e-15,-1.427,0.0051851,1.0506,-2.0389e-15,15.254,15.254,15.254,15.254
0.20192,-5.0878e-16,1.0357e-17,5.8884e-15,-1.4281,0.0051807,1.0558,-2.0548e-15,15.325,15.325,15.325,15.325
0.20528,-5.1752e-16,8.0017e-18,5.9259e-15,-1.4292,0.0051763,1.0609,-2.0879e-15,15.395,15.395,15.395,15.395
0.20863,-5.1605e-16,2.1121e-17,5.916e-15,-1.4303,0.0051719,1.066,-2.0884e-15,15.466,15.466,15.466,15.466
0.21197,-5.0935e-16,3.1346e-17,5.9077e-15,-1.4314,0.0051676,1.0711,-2.0877e-15,15.536,15.536,15.536,15.536
0.2153,-5.1544e-16,4.098e-17,5.93e-15,-1.4324,0.0051633,1.0762,-2.1195e-15,15.606,15.606,15.606,15.606
0.21863,-5.1334e-16,5.3191e-17,5.9216e-15,-1.4335,0.005159,1.0812,-2.1197e-15,15.676,15.676,15.676,15.676
0.22194,-5.1299e-16,5.3276e-17,5.9394e-15,-1.4345,0.0051548,1.0862,-2.1361e-15,15.746,15.746,15.746,15.746
0.22524,-5.1451e-16,5.37e-17,5.9548e-15,-1.4355,0.0051507,1.0912,-2.1521e-15,15.816,15.816,15.816,15.816
0.22853,-5.0401e-16,7.0583e-17,5.9268e-15,-1.4365,0.0051465,1.0962,-2.1366e-15,15.885,15.885,15.885,15.885
0.23181,-5.0263e-16,8.1496e-17,5.9205e-15,-1.4374,0.0051424,1.1011,-2.1385e-15,15.954,15.954,15.954,15.954
0.23508,-4.9879e-16,9.5196e-17,5.9067e-15,-1.4384,0.0051384,1.106,-2.1386e-15,16.023,16.023,16.023,16.023
0.23834,-4.9359e-16,1.0435e-16,5.899e-15,-1.4393,0.0051344,1.1108,-2.139e-15,16.091,16.091,16.091,16.091
0.24158,-4.9556e-16,1.0163e-16,5.9171e-15,-1.4403,0.0051304,1.1156,-2.1552e-15,16.16,16.16,16.16,16.16
0.24482,-5.0144e-16,1.0377e-16,5.9461e-15,-1.4412,0.0051265,1.1204,-2.1865e-15,16.228,16.228,16.228,16.228
0.24804,-5.0052e-16,1.1215e-16,5.9404e-15,-1.4421,0.0051226,1.1252,-2.1979e-15,16.296,16.296,16.296,16.296
0.25125,-5.0937e-16,1.0235e-16,5.9966e-15,-1.4429,0.0051188,1.1299,-2.2458e-15,16.363,16.363,16.363,16.363
0.25445,-5.1575e-16,9.8852e-17,6.0335e-15,-1.4438,0.0051149,1.1346,-2.2783e-15,16.43,16.43,16.43,16.43
0.25764,-5.1143e-16,1.0819e-16,6.0251e-15,-1.4447,0.0051112,1.1393,-2.2871e-15,16.498,16.498,16.498,16.498
0.26081,-5.1194e-16,1.1127e-16,6.041e-15,-1.4455,0.0051074,1.1439,-2.3038e-15,16.564,16.564,16.564,16.564
0.26397,-5.186e-16,1.0752e-16,6.0753e-15,-1.4463,0.0051037,1.1485,-2.3363e-15,16.631,16.631,16.631,16.631
0.26712,-5.2075e-16,1.163e-16,6.0858e-15,-1.4471,0.0051001,1.1531,-2.352e-15,16.697,16.697,16.697,16.697
0.27026,-5.1671e-16,1.1981e-16,6.0832e-15,-1.4479,0.0050965,1.1577,-2.3554e-15,16.763,16.763,16.763,16.763
0.27338,-5.1092e-16,1.2535e-16,6.0756e-15,-1.4487,0.0050929,1.1622,-2.3625e-15,16.829,16.829,16.829,16.829
0.27649,-5.1243e-16,1.2819e-16,6.088e-15,-1.4495,0.0050893,1.1666,-2.3785e-15,16.895,16.895,16.895,16.895
0.27959,-5.1234e-16,1.3175e-16,6.0956e-15,-1.4503,0.0050858,1.1711,-2.3934e-15,16.96,16.96,16.96,16.96
0.28267,-5.0708e-16,1.4233e-16,6.0848e-15,-1.451,0.0050824,1.1755,-2.3947e-15,17.025,17.025,17.025,17.025
0.28574,-5.1748e-16,1.4396e-16,6.1271e-15,-1.4517,0.0050789,1.1799,-2.4418e-15,17.089,17.089,17.089,17.089
0.2888,-5.2867e-16,1.3961e-16,6.1781e-15,-1.4524,0.0050755,1.1843,-2.4874e-15,17.154,17.154,17.154,17.154
0.29184,-5.2636e-16,1.464e-16,6.1881e-15,-1.4531,0.0050722,1.1886,-2.5017e-15,17.218,17.218,17.218,17.218
0.29487,-5.2203e-16,1.5044e-16,6.1847e-15,-1.4538,0.0050688,1.1929,-2.5018e-15,17.281,17.281,17.281,17.281
0.29788,-5.2523e-16,1.47e-16,6.2217e-15,-1.4545,0.0050656,1.1972,-2.5336e-15,17.345,17.345,17.345,17.345
0.30088,-5.2755e-16,1.4847e-16,6.2354e-15,-1.4552,0.0050623,1.2014,-2.5601e-15,17.408,17.408,17.408,17.408
0.30386,-5.2083e-16,1.5595e-16,6.2292e-15,-1.4558,0.0050591,1.2056,-2.5621e-15,17.471,17.471,17.471,17.471
0.30683,-5.1926e-16,1.6473e-16,6.2359e-15,-1.4565,0.0050559,1.2098,-2.5757e-15,17.533,17.533,17.533,17.533
0.30979,-5.198e-16,1.6934e-16,6.2466e-15,-1.4571,0.0050528,1.2139,-2.5899e-15,17.596,17.596,17.596,17.596
0.31273,-5.2421e-16,1.6872e-16,6.2754e-15,-1.4577,0.0050496,1.218,-2.6213e-15,17.657,17.657,17.657,17.657
0.31565,-5.3049e-16,1.696e-16,6.304e-15,-1.4583,0.0050466,1.2221,-2.6539e-15,17.719,17.719,17.719,17.719
0.31856,-5.3663e-16,1.6806e-16,6.3337e-15,-1.4589,0.0050435,1.2261,-2.6858e-15,17.78,17.78,17.78,17.78
0.32146,-5.3591e-16,1.7071e-16,6.3472e-15,-1.4595,0.0050405,1.2301,-2.7085e-15,17.841,17.841,17.841,17.841
0.32433,-5.4195e-16,1.6751e-16,6.3794e-15,-1.46,0.0050375,1.2341,-2.7407e-15,17.902,17.902,17.902,17.902
0.3272,-5.3987e-16,1.6913e-16,6.3867e-15,-1.4606,0.0050346,1.2381,-2.7548e-15,17.962,17.962,17.962,17.962
0.33004,-5.3762e-16,1.7363e-16,6.3844e-15,-1.4611,0.0050317,1.242,-2.7594e-15,18.022,18.022,18.022,18.022
0.33287,-5.3251e-16,1.8349e-16,6.3738e-15,-1.4617,0.0050288,1.2459,-2.7603e-15,18.081,18.081,18.081,18.081
0.33568,-5.2651e-16,1.958e-16,6.3638e-15,-1.4622,0.005026,1.2497,-2.7612e-15,18.141,18.141,18.141,18.141
0.33848,-5.2501e-16,1.9986e-16,6.3585e-15,-1.4627,0.0050232,1.2535,-2.7661e-15,18.2,18.2,18.2,18.2
0.34126,-5.2582e-16,2.0575e-16,6.3619e-15,-1.4632,0.0050204,1.2573,-2.7808e-15,18.258,18.258,18.258,18.258
0.34403,-5.2133e-16,2.0807e-16,6.3527e-15,-1.4637,0.0050176,1.2611,-2.7802e-15,18.316,18.316,18.316,18.316
0.34677,-5.2537e-16,2.1312e-16,6.3772e-15,-1.4641,0.0050149,1.2648,-2.8111e-15,18.374,18.374,18.374,18.374
0.3495,-5.2158e-16,2.2054e-16,6.3706e-15,-1.4646,0.0050123,1.2685,-2.8125e-15,18.432,18.432,18.432,18.432
0.35221,-5.2483e-16,2.1909e-16,6.3976e-15,-1.4651,0.0050096,1.2722,-2.8432e-15,18.489,18.489,18.489,18.489
0.35491,-5.259e-16,2.2368e-16,6.4086e-15,-1.4655,0.005007,1.2758,-2.8622e-15,18.545,18.545,18.545,18.545
0.35758,-5.2548e-16,2.2599e-16,6.4193e-15,-1.4659,0.0050044,1.2794,-2.8763e-15,18.602,18.602,18.602,18.602
0.36024,-5.2539e-16,2.3191e-16,6.4256e-15,-1.4663,0.0050019,1.2829,-2.8939e-15,18.658,18.658,18.658,18.658
0.36289,-5.2703e-16,2.2871e-16,6.4501e-15,-1.4668,0.0049993,1.2865,-2.9214e-15,18.713,18.713,18.713,18.713
0.36551,-5.3172e-16,2.2658e-16,6.4796e-15,-1.4672,0.0049968,1.29,-2.9526e-15,18.769,18.769,18.769,18.769
0.36811,-5.3168e-16,2.3292e-16,6.4839e-15,-1.4675,0.0049944,1.2934,-2.9665e-15,18.823,18.823,18.823,18.823
0.3707,-5.3254e-16,2.3371e-16,6.501e-15,-1.4679,0.004992,1.2969,-2.9871e-15,18.878,18.878,18.878,18.878
0.37327,-5.3416e-16,2.3309e-16,6.5157e-15,-1.4683,0.0049896,1.3003,-3.0058e-15,18.932,18.932,18.932,18.932
0.37582,-5.2957e-16,2.4165e-16,6.508e-15,-1.4687,0.0049872,1.3037,-3.0095e-15,18.986,18.986,18.986,18.986
0.37835,-5.3214e-16,2.4129e-16,6.5263e-15,-1.469,0.0049848,1.307,-3.0367e-15,19.039,19.039,19.039,19.039
0.38086,-5.2679e-16,2.4721e-16,6.5137e-15,-1.4694,0.0049825,1.3103,-3.037e-15,19.092,19.092,19.092,19.092
0.38336,-5.2696e-16,2.5089e-16,6.5228e-15,-1.4697,0.0049803,1.3136,-3.0562e-15,19.144,19.144,19.144,19.144
0.38583,-5.2979e-16,2.528e-16,6.5474e-15,-1.47,0.004978,1.3168,-3.0883e-15,19.196,19.196,19.196,19.196
0.38829,-5.2636e-16,2.5712e-16,6.5417e-15,-1.4703,0.0049758,1.32,-3.0993e-15,19.248,19.248,19.248,19.248
0.39072,-5.2395e-16,2.645e-16,6.5349e-15,-1.4706,0.0049736,1.3232,-3.1053e-15,19.299,19.299,19.299,19.299
0.39314,-5.1838e-16,2.7911e-16,6.5105e-15,-1.4709,0.0049714,1.3263,-3.104e-15,19.35,19.35,19.35,19.35
0.39553,-5.1609e-16,2.8207e-16,6.5052e-15,-1.4712,0.0049693,1.3295,-3.1103e-15,19.401,19.401,19.401,19.401
0.39791,-5.1643e-16,2.8449e-16,6.5172e-15,-1.4715,0.0049672,1.3325,-3.1291e-15,19.451,19.451,19.451,19.451
0.40026,-5.2641e-16,2.772e-16,6.5669e-15,-1.4718,0.0049651,1.3356,-3.1768e-15,19.5,19.5,19.5,19.5
0.4026,-5.2256e-16,2.8343e-16,6.5591e-15,-1.472,0.004963,1.3386,-3.1858e-15,19.549,19.549,19.549,19.549
0.40492,-5.2252e-16,2.8632e-16,6.5688e-15,-1.4723,0.004961,1.3416,-3.2045e-15,19.598,19.598,19.598,19.598
0.40721,-5.2178e-16,2.9131e-16,6.5651e-15,-1.4726,0.004959,1.3445,-3.2129e-15,19.647,19.647,19.647,19.647
0.40948,-5.2025e-16,2.9694e-16,6.5631e-15,-1.4728,0.004957,1.3475,-3.2226e-15,19.694,19.694,19.694,19.694
0.41174,-5.2288e-16,2.9718e-16,6.5783e-15,-1.473,0.0049551,1.3503,-3.2423e-15,19.742,19.742,19.742,19.742
0.41397,-5.2489e-16,3.0027e-16,6.5902e-15,-1.4733,0.0049532,1.3532,-3.2616e-15,19.789,19.789,19.789,19.789
0.41618,-5.223e-16,3.0574e-16,6.5875e-15,-1.4735,0.0049513,1.356,-3.2739e-15,19.835,19.835,19.835,19.835
0.41837,-5.1978e-16,3.115e-16,6.5841e-15,-1.4737,0.0049494,1.3588,-3.2814e-15,19.881,19.881,19.881,19.881
0.42054,-5.2054e-16,3.142e-16,6.5929e-15,-1.4739,0.0049476,1.3616,-3.3013e-15,19.927,19.927,19.927,19.927
0.42269,-5.1829e-16,3.2127e-16,6.5891e-15,-1.4741,0.0049458,1.3643,-3.3117e-15,19.972,19.972,19.972,19.972
0.42481,-5.2238e-16,3.1726e-16,6.6113e-15,-1.4743,0.004944,1.367,-3.3396e-15,20.017,20.017,20.017,20.017
0.42692,-5.272e-16,3.1255e-16,6.64e-15,-1.4745,0.0049423,1.3696,-3.3719e-15,20.061,20.061,20.061,20.061
0.429,-5.2936e-16,3.0945e-16,6.6585e-15,-1.4746,0.0049405,1.3723,-3.3924e-15,20.105,20.105,20.105,20.105
0.43106,-5.3127e-16,3.092e-16,6.6782e-15,-1.4748,0.0049388,1.3749,-3.4196e-15,20.149,20.149,20.149,20.149
0.43309,-5.3525e-16,3.0532e-16,6.7063e-15,-1.475,0.0049371,1.3774,-3.4507e-15,20.191,20.191,20.191,20.191
0.43511,-5.2947e-16,3.1204e-16,6.6929e-15,-1.4751,0.0049355,1.3799,-3.4501e-15,20.234,20.234,20.234,20.234
0.4371,-5.2777e-16,3.1568e-16,6.6931e-15,-1.4753,0.0049338,1.3824,-3.4621e-15,20.276,20.276,20.276,20.276
0.43907,-5.2827e-16,3.1871e-16,6.6986e-15,-1.4754,0.0049322,1.3849,-3.4792e-15,20.317,20.317,20.317,20.317
0.44102,-5.2649e-16,3.2409e-16,6.6935e-15,-1.4756,0.0049307,1.3873,-3.4849e-15,20.358,20.358,20.358,20.358
0.44294,-5.2711e-16,3.2293e-16,6.7048e-15,-1.4757,0.0049291,1.3897,-3.5038e-15,20.399,20.399,20.399,20.399
0.44484,-5.2762e-16,3.2271e-16,6.7186e-15,-1.4759,0.0049276,1.3921,-3.5252e-15,20.439,20.439,20.439,20.439
0.44672,-5.2833e-16,3.2371e-16,6.7254e-15,-1.476,0.0049261,1.3944,-3.543e-15,20.478,20.478,20.478,20.478
0.44858,-5.2658e-16,3.2864e-16,6.7205e-15,-1.4761,0.0049246,1.3967,-3.5507e-15,20.517,20.517,20.517,20.517
0.45041,-5.2383e-16,3.348e-16,6.716e-15,-1.4762,0.0049231,1.399,-3.5614e-15,20.556,20.556,20.556,20.556
0.45222,-5.2425e-16,3.3643e-16,6.7221e-15,-1.4763,0.0049217,1.4012,-3.5797e-15,20.594,20.594,20.594,20.594
0.454,-5.2754e-16,3.3681e-16,6.7369e-15,-1.4764,0.0049203,1.4034,-3.6031e-15,20.632,20.632,20.632,20.632
0.45576,-5.2685e-16,3.3889e-16,6.7414e-15,-1.4765,0.0049189,1.4056,-3.6187e-15,20.669,20.669,20.669,20.669
0.4575,-5.2919e-16,3.3697e-16,6.7609e-15,-1.4766,0.0049175,1.4077,-3.6418e-15,20.705,20.705,20.705,20.705
0.45921,-5.2584e-16,3.4046e-16,6.7605e-15,-1.4767,0.0049162,1.4098,-3.6499e-15,20.741,20.741,20.741,20.741
0.4609,-5.2722e-16,3.3845e-16,6.775e-15,-1.4768,0.0049149,1.4119,-3.6727e-15,20.777,20.777,20.777,20.777
0.46256,-5.2885e-16,3.3872e-16,6.7906e-15,-1.4769,0.0049136,1.4139,-3.7006e-15,20.812,20.812,20.812,20.812
0.4642,-5.2873e-16,3.395e-16,6.7979e-15,-1.477,0.0049123,1.4159,-3.7197e-15,20.846,20.846,20.846,20.846
0.46581,-5.3128e-16,3.3802e-16,6.8182e-15,-1.4771,0.0049111,1.4179,-3.7459e-15,20.88,20.88,20.88,20.88
0.4674,-5.2963e-16,3.4063e-16,6.822e-15,-1.4771,0.0049099,1.4198,-3.76e-15,20.914,20.914,20.914,20.914
0.46896,-5.3202e-16,3.3974e-16,6.8399e-15,-1.4772,0.0049087,1.4218,-3.787e-15,20.947,20.947,20.947,20.947
0.4705,-5.3265e-16,3.4338e-16,6.8485e-15,-1.4773,0.0049075,1.4236,-3.8065e-15,20.979,20.979,20.979,20.979
0.47202,-5.3344e-16,3.4265e-16,6.8581e-15,-1.4773,0.0049063,1.4255,-3.8269e-15,21.011,21.011,21.011,21.011
0.4735,-5.362e-16,3.4263e-16,6.8739e-15,-1.4774,0.0049052,1.4273,-3.8491e-15,21.042,21.042,21.042,21.042
0.47497,-5.3656e-16,3.4516e-16,6.8843e-15,-1.4774,0.0049041,1.429,-3.871e-15,21.073,21.073,21.073,21.073
0.4764,-5.3811e-16,3.4434e-16,6.8998e-15,-1.4775,0.004903,1.4308,-3.8963e-15,21.103,21.103,21.103,21.103
0.47782,-5.4066e-16,3.418e-16,6.9224e-15,-1.4775,0.004902,1.4325,-3.9258e-15,21.133,21.133,21.133,21.133
0.4792,-5.421e-16,3.4418e-16,6.9343e-15,-1.4776,0.0049009,1.4341,-3.9516e-15,21.162,21.162,21.162,21.162
0.48056,-5.4426e-16,3.4324e-16,6.9543e-15,-1.4776,0.0048999,1.4358,-3.9796e-15,21.191,21.191,21.191,21.191
0.48189,-5.4409e-16,3.4617e-16,6.9615e-15,-1.4777,0.0048989,1.4374,-3.9999e-15,21.219,21.219,21.219,21.219
0.4832,-5.4587e-16,3.4475e-16,6.978e-15,-1.4777,0.0048979,1.439,-4.0241e-15,21.246,21.246,21.246,21.246
0.48448,-5.4596e-16,3.4647e-16,7.0124e-15,-1.4777,0.004897,1.4405,-4.0696e-15,21.273,21.273,21.273,21.273
0.48574,-5.4794e-16,3.4619e-16,7.0308e-15,-1.4778,0.0048961,1.442,-4.093e-15,21.3,21.3,21.3,21.3
0.48696,-5.4531e-16,3.5043e-16,7.0277e-15,-1.4778,0.0048952,1.4435,-4.1027e-15,21.326,21.326,21.326,21.326
0.48816,-5.4764e-16,3.487e-16,7.0499e-15,-1.4778,0.0048943,1.4449,-4.1322e-15,21.351,21.351,21.351,21.351
0.48934,-5.4845e-16,3.4828e-16,7.0647e-15,-1.4779,0.0048934,1.4463,-4.1565e-15,21.375,21.375,21.375,21.375
0.49048,-5.4912e-16,3.4953e-16,7.0754e-15,-1.4779,0.0048926,1.4477,-4.1795e-15,21.4,21.4,21.4,21.4
0.4916,-5.4993e-16,3.5009e-16,7.0883e-15,-1.4779,0.0048918,1.449,-4.2037e-15,21.423,21.423,21.423,21.423
0.49269,-5.5218e-16,3.4923e-16,7.1097e-15,-1.4779,0.004891,1.4503,-4.2304e-15,21.446,21.446,21.446,21.446
0.49376,-5.5114e-16,3.5283e-16,7.1125e-15,-1.4779,0.0048902,1.4516,-4.2439e-15,21.469,21.469,21.469,21.469
0.49479,-5.5086e-16,3.5389e-16,7.1202e-15,-1.478,0.0048894,1.4528,-4.2609e-15,21.49,21.49,21.49,21.49
0.4958,-5.5378e-16,3.5201e-16,7.1435e-15,-1.478,0.0048887,1.454,-4.2903e-15,21.512,21.512,21.512,21.512
0.49678,-5.5635e-16,3.4932e-16,7.1645e-15,-1.478,0.004888,1.4552,-4.3176e-15,21.532,21.532,21.532,21.532
0.49774,-5.5729e-16,3.5072e-16,7.1773e-15,-1.478,0.0048873,1.4563,-4.3402e-15,21.552,21.552,21.552,21.552
0.49866,-5.6301e-16,3.457e-16,7.2129e-15,-1.478,0.0048866,1.4574,-4.3785e-15,21.572,21.572,21.572,21.572
0.49956,-5.6699e-16,3.4235e-16,7.2427e-15,-1.478,0.004886,1.4585,-4.4154e-15,21.591,21.591,21.591,21.591
0.50042,-5.6904e-16,3.4049e-16,7.2644e-15,-1.478,0.0048854,1.4595,-4.4453e-15,21.609,21.609,21.609,21.609
0.50126,-5.73e-16,3.3725e-16,7.2934e-15,-1.478,0.0048848,1.4605,-4.4801e-15,21.627,21.627,21.627,21.627
0.50207,-5.7769e-16,3.3282e-16,7.3292e-15,-1.4781,0.0048842,1.4614,-4.5203e-15,21.644,21.644,21.644,21.644
0.50286,-5.7939e-16,3.3226e-16,7.3504e-15,-1.4781,0.0048836,1.4623,-4.5467e-15,21.66,21.66,21.66,21.66
0.50361,-5.8123e-16,3.3065e-16,7.3709e-15,-1.4781,0.0048831,1.4632,-4.5727e-15,21.676,21.676,21.676,21.676
0.50433,-5.8516e-16,3.273e-16,7.4019e-15,-1.4781,0.0048826,1.4641,-4.6064e-15,21.691,21.691,21.691,21.691
0.50503,-5.8574e-16,3.2794e-16,7.4175e-15,-1.4781,0.0048821,1.4649,-4.6288e-15,21.706,21.706,21.706,21.706
0.50569,-5.8905e-16,3.2588e-16,7.4463e-15,-1.4781,0.0048816,1.4657,-4.663e-15,21.72,21.72,21.72,21.72
0.50633,-5.9614e-16,3.1869e-16,7.4934e-15,-1.4781,0.0048812,1.4664,-4.7127e-15,21.733,21.733,21.733,21.733
0.50693,-5.9824e-16,3.177e-16,7.5178e-15,-1.4781,0.0048807,1.4671,-4.7443e-15,21.746,21.746,21.746,21.746
0.50751,-6.019e-16,3.1374e-16,7.5493e-15,-1.4781,0.0048803,1.4678,-4.7819e-15,21.758,21.758,21.758,21.758
0.50806,-6.097e-16,3.0636e-16,7.5988e-15,-1.4781,0.0048799,1.4685,-4.8326e-15,21.77,21.77,21.77,21.77
0.50857,-6.1577e-16,3.0035e-16,7.6436e-15,-1.4781,0.0048796,1.4691,-4.8795e-15,21.78,21.78,21.78,21.78
0.50906,-6.158e-16,3.0096e-16,7.6597e-15,-1.4781,0.0048792,1.4696,-4.9025e-15,21.791,21.791,21.791,21.791
0.50951,-6.1999e-16,2.9682e-16,7.695e-15,-1.4781,0.0048789,1.4702,-4.9401e-15,21.8,21.8,21.8,21.8
0.50994,-6.299e-16,2.8619e-16,7.7594e-15,-1.4781,0.0048786,1.4707,-5.0011e-15,21.809,21.809,21.809,21.809
0.51034,-6.5052e-16,2.6369e-16,7.8746e-15,-1.4781,0.0048783,1.4711,-5.1017e-15,21.818,21.818,21.818,21.818
0.5107,-6.5606e-16,2.5785e-16,7.9219e-15,-1.4781,0.0048781,1.4716,-5.1502e-15,21.825,21.825,21.825,21.825
0.51103,-6.684e-16,2.4442e-16,8.0016e-15,-1.4781,0.0048778,1.472,-5.2231e-15,21.832,21.832,21.832,21.832
0.51134,-6.7995e-16,2.3181e-16,8.0788e-15,-1.4781,0.0048776,1.4723,-5.2942e-15,21.839,21.839,21.839,21.839
0.51161,-6.9973e-16,2.1012e-16,8.196e-15,-1.4781,0.0048774,1.4726,-5.3955e-15,21.844,21.844,21.844,21.844
0.51185,-7.2426e-16,1.8367e-16,8.338e-15,-1.4781,0.0048773,1.4729,-5.5166e-15,21.849,21.849,21.849,21.849
0.51206,-7.4142e-16,1.65e-16,8.4478e-15,-1.4781,0.0048771,1.4732,-5.6132e-15,21.854,21.854,21.854,21.854
0.51224,-9.0231e-16,-1.2445e-17,9.2468e-15,-1.4781,0.004877,1.4734,-6.2388e-15,21.858,21.858,21.858,21.858
0.51238,-8.9391e-16,-2.9928e-18,9.2532e-15,-1.4781,0.0048769,1.4735,-6.2547e-15,21.861,21.861,21.861,21.861
0.5125,-8.7659e-16,1.6493e-17,9.2156e-15,-1.4781,0.0048768,1.4737,-6.2363e-15,21.863,21.863,21.863,21.863
0.51258,-8.6344e-16,3.1231e-17,9.1963e-15,-1.4781,0.0048767,1.4738,-6.2322e-15,21.865,21.865,21.865,21.865
0.51263,-8.5364e-16,4.2198e-17,9.1914e-15,-1.4781,0.0048767,1.4738,-6.239e-15,21.866,21.866,21.866,21.866
0.51265,-8.4084e-16,5.6481e-17,9.1711e-15,-1.4781,0.0048767,1.4738,-6.2341e-15,21.866,21.866,21.866,21.866
